priority,clinic,area,website,email,phone,source_signals,fit,likely_leakage,best_angle,next_action
P1,101 Harley Street,London / Harley Street,https://www.101hs.co.uk/,info@101hs.co.uk,masked in source,WhatsApp=yes; booking=yes; contact form=yes,High,Multi-channel enquiry journey; WhatsApp + booking + forms can leak without SLA,Free 7-point leakage audit: first web/WhatsApp enquiry → booked consultation,Send personalised mini-audit first; then call same day
P1,Medicetics Harley Street,London / Harley Street,https://medicetics.com/pages/harley-street,foh@medicetics.com,0207 402 2033,WhatsApp=yes; booking=yes,High,Premium derm/aesthetic positioning; likely high-value consult enquiries,Map WhatsApp + booking handoff; recover slow replies and unbooked consults,"Email practice/FOH, then ask who owns enquiry flow"
P1,Simply Clinics Harley Street,London / Harley Street,https://simplyclinics.co.uk/locations/harley-street/,admin@simplyclinics.co.uk; social.simplyclinics@gmail.com,020 8352 3523,WhatsApp=yes; booking=yes,High,Multi-location chain; booking platform suggests routing/standardisation opportunity,AI-assisted lead triage and missed-call recovery for treatment enquiries,Target operations/clinic manager angle
P1,EC Aesthetic Clinic London,London / Harley Street,https://eccliniclondon.com/,info@eccliniclondon.com,020 7580 1149,WhatsApp=yes; booking=yes,High,Aesthetic + skin + dermal; strong fit for consult conversion audit,Show where web/WhatsApp enquiries can stall before consult booking,Send short email + call; ask in-house vs central booking
P1,The Cosmetic Skin Clinic London,London / Harley Street,https://www.cosmeticskinclinic.com/cosmetic-skin-clinic-london/,info@cosmeticskinclinic.com,0203 319 3637,WhatsApp=no; booking=yes; contact form=yes,High,No WhatsApp signal in source; contact forms may create response-time leakage,Form-response SLA + missed enquiry recovery audit,"Lead with contact-form leakage, not generic AI"
P1,L'Atelier Aesthetics,London / Harley-Chelsea-Marylebone,https://www.latelieraesthetics.co.uk/,info@latelieraesthetics.co.uk,masked in source,WhatsApp=no; booking=yes; contact form=yes,High,Premium multi-area positioning; form + booking split,Consult booking flow and post-treatment follow-up automation,Offer mini teardown of enquiry-to-consult path
P1,Skin Science Clinic London,London,https://skinscienceclinic.co.uk/,info@skinscienceclinic.co.uk,masked in source,WhatsApp=yes; booking=yes; contact form=yes,High,All major channels present; likely routing and follow-up complexity,AI receptionist/missed lead callback + weekly leakage report,Use demo voice workflow angle
P1,Skin Medical,London,https://skinmedical.com/,info@skinmedical.com,+44 1923 590057,WhatsApp=yes; booking=yes; contact form=yes,High,Aesthetic/skin/dermal; multiple enquiry paths,Recover missed consult enquiries from phone/WhatsApp/form,Offer 7-day pilot around missed leads
P1,The Axis Clinic,London,https://axisclinic.co.uk/,info@axisclinic.co.uk,020 8350 3421,WhatsApp=yes; booking=yes; contact form=yes,High,Aesthetic/skin/laser; channel complexity,Lead triage + treatment-interest qualification,Personalised note around laser/aesthetic enquiries
P1,Harley Street Beauty & Aesthetics Clinic,London / Harley Street,https://www.harleystreetbeautyandaesthetics.com/,patientcare@harleystreetconsultingclinics.com,01234247414,WhatsApp=no; booking=yes; contact form=yes,High,Beauty/aesthetic; booking and contact form path,Contact-form SLA and no-show prevention workflow,Email patient care; ask best person for booking workflow
P2,London Beauty Clinic,London,https://www.londonbeauty.clinic/contact/,info@londonbeauty.clinic,+44 7446 992845,WhatsApp=yes; booking=yes; contact form=yes,Medium-high,Direct WhatsApp + contact form; likely manual response pressure,WhatsApp enquiry qualification and booked-consult handoff,Use softer “one workflow idea” email
P2,Eden Skin Clinic,Kensington / London,https://www.edenskinclinic.co.uk/,hello@edenskinclinic.co.uk,020 7584 0115,WhatsApp=no; booking=yes,Medium-high,Skin/facial/aesthetic; premium Kensington audience,Booking journey + old-lead reactivation audit,Lead with Kensington premium client journey
P2,Harley Cosmetics London,London / Seymour Place,https://harleycosmeticslondon.com/,,+44 207 859 4132,OSM: dermatology; opening hours present,Medium-high,Cosmetic excellence positioning; published phone = call handling opportunity,Missed-call recovery + enquiry routing audit,Call-first after short website observation
P2,The Plastic Surgery Group,London / Hanson Street,https://www.theplasticsurgerygroup.co.uk/,,,OSM: plastic_surgery; website present,Medium,High-value surgical enquiries; trust-sensitive consult routing,"Map first-enquiry → consult journey; premium, non-robotic follow-up",Avoid “AI” headline; say workflow review
P2,Medpro Aesthetics,London / Procter Street,,,,OSM: operator Medpro Aesthetics Ltd,Medium,Aesthetic name match; contact details need verification,"Research website/contact, then send audit offer",Verify contact before outreach
P2,Vie Aesthetics Holborn,London / Holborn,,,,OSM: operator Vie Aesthetics Ltd,Medium,Aesthetic name match; likely multi-channel booking,"Research website/contact, then pitch leakage audit",Verify contact before outreach
P2,Fortes Clinic,London / Clifton Road,https://fortesclinic.co.uk,,,OSM: dermatology; hours present,Medium,Dermatology clinic; consultation-led and aftercare-heavy,Aftercare/review + enquiry response audit,"Website review first, then email/call"
P3,Harley Cosmetics London,London / Harley area duplicate check,https://harleycosmeticslondon.com/,,+44 207 859 4132,Source appears in existing CSV and OSM,Medium,Duplicate needs CRM dedupe before sending,Use once only,Deduplicate in CRM
P3,AI Beauty Clinic,London,,,,OSM: plastic_surgery; opening hours present,Medium,Name suggests aesthetic/plastic surgery; missing contact details,Find website/contact; qualify before outreach,Research-only until verified
P3,Harley Street Eye Centre,London / Harley Street,https://www.eyesat22a.com/,info@eyesat22a.com,+44 20 3375 2200,OSM: ophthalmology,Low-medium,"Not aesthetic, but private appointment-led medical clinic",Admin audit could fit but not core aesthetic ICP,Backlog only
P3,David Whitehead ENT,London / Harley Street,,,+44 20 7183 0220,OSM: otolaryngology; plastic_surgery,Low-medium,Specialist/private medical; may have consult admin pain,Use if aesthetic list runs dry,Backlog only
P3,The Spencer Clinic of Trichology,Chelsea,https://www.spencerclinic.co.uk/,,+44 20 7584 4255,Existing CSV: trichology,Low-medium,Consultation-led hair/scalp clinic; adjacent premium wellness,Forms/reminders/follow-up audit,Backlog adjacent vertical
P3,90 Sloane Street,Chelsea,https://90sloanestreet.com/,,+44 20 7235 5850,Existing CSV,Low-medium,Private medical/premium location; needs service verification,General admin audit only after verification,Research before outreach
P3,The Medical Chambers Kensington,Knightsbridge/Kensington,https://www.themedicalchambers.com/,,+44 20 7244 4200,Existing CSV,Low-medium,Private medical group; high admin complexity but not niche aesthetic,Workflow audit if clinic services fit,Backlog
P3,Pall Mall Medical,Manchester,,,,Existing CSV,Low-medium,Private medical group; non-London but appointment-led,Use later for regional expansion,Backlog after London sprint
