category,target_name,why_it_matters,value_asset_to_offer,next_action,status
Aesthetic training academies,TBD aesthetics training academy,Already reaches practitioners who may own or influence clinics,Clinic Leakage Checklist tailored for students/graduates,Research 10 UK aesthetic academies,not_started
Clinic growth consultants,TBD clinic marketing consultant,Already trusted by clinic owners on lead generation,Co-branded enquiry leakage teardown,Find 10 consultants on LinkedIn/Google,not_started
Booking/software vendors,TBD clinic booking platform,Owns the operational problem around bookings/no-shows,Missed-call and no-show recovery workflow map,List clinic booking systems used by UK aesthetics clinics,not_started
Aesthetics podcasts,TBD aesthetics podcast,Audience is concentrated and relationship-led,Podcast topic: hidden enquiry leaks costing clinics bookings,Find 10 UK/global aesthetics podcasts,not_started
Aesthetics newsletters,TBD industry newsletter,Can distribute checklist to many practitioners,Guest checklist/newsletter blurb,Find newsletters and media sites,not_started
Communities,TBD clinic owner community,Peer trust beats cold sales,Free AMA or checklist post,Find FB/WhatsApp/Discord/Skool groups,not_started
Directories,TBD London aesthetics directory,Directory traffic includes buyer and clinic attention,Mini benchmark/report using listed clinics,Research London/Harley Street directories,not_started
Insurance/compliance providers,TBD aesthetics insurer/compliance provider,Trusted admin/compliance vendors have clinic-owner relationships,Operational risk checklist: missed enquiries and client communication,Find 10 UK providers,not_started
Payment/finance providers,TBD clinic finance/payment provider,High-ticket treatment providers care about conversion and follow-up,Payment-to-consult follow-up workflow,Research providers used by aesthetic clinics,not_started
Review/reputation vendors,TBD review management vendor,Review capture is adjacent to aftercare automation,Post-treatment review capture workflow,Find vendors/agencies serving clinics,not_started
